fold,model,target_type,train_start,train_end,evaluation_start,evaluation_end,train_samples,evaluation_samples,feature_count,accuracy,balanced_accuracy,precision,recall,f1,roc_auc,mae,rmse,r2,pearson_correlation,spearman_correlation,mean_error
1,majority_class,classification,2024-03-20 00:00:00+00:00,2024-03-31 00:00:00+00:00,2024-04-02 00:00:00+00:00,2024-04-09 00:00:00+00:00,12,8,0,0.0,,0.0,0.0,0.0,,,,,,,
1,logistic_regression,classification,2024-03-20 00:00:00+00:00,2024-03-31 00:00:00+00:00,2024-04-02 00:00:00+00:00,2024-04-09 00:00:00+00:00,12,8,18,0.0,,0.0,0.0,0.0,,,,,,,
1,random_forest_classifier,classification,2024-03-20 00:00:00+00:00,2024-03-31 00:00:00+00:00,2024-04-02 00:00:00+00:00,2024-04-09 00:00:00+00:00,12,8,18,0.375,,1.0,0.375,0.5454545454545454,,,,,,,
1,hist_gradient_boosting_classifier,classification,2024-03-20 00:00:00+00:00,2024-03-31 00:00:00+00:00,2024-04-02 00:00:00+00:00,2024-04-09 00:00:00+00:00,12,8,18,0.0,,0.0,0.0,0.0,,,,,,,
1,historical_mean,regression,2024-03-20 00:00:00+00:00,2024-03-31 00:00:00+00:00,2024-04-02 00:00:00+00:00,2024-04-09 00:00:00+00:00,12,8,0,,,,,,,0.0017782598446513254,0.002034036708801718,-3.2429668428242264,,,0.0017782598446513254
1,zero_return,regression,2024-03-20 00:00:00+00:00,2024-03-31 00:00:00+00:00,2024-04-02 00:00:00+00:00,2024-04-09 00:00:00+00:00,12,8,0,,,,,,,0.002439991633806121,0.002632234113960503,-6.105605493517893,,,0.002439991633806121
1,linear_regression,regression,2024-03-20 00:00:00+00:00,2024-03-31 00:00:00+00:00,2024-04-02 00:00:00+00:00,2024-04-09 00:00:00+00:00,12,8,18,,,,,,,3.0239452395482424e-06,4.756974070025504e-06,0.9999767932869,0.9999980200377704,1.0,3.00880708551544e-06
1,random_forest_regressor,regression,2024-03-20 00:00:00+00:00,2024-03-31 00:00:00+00:00,2024-04-02 00:00:00+00:00,2024-04-09 00:00:00+00:00,12,8,18,,,,,,,0.0020916096317186205,0.002198918872749372,-3.958730189200497,0.9819843135713668,1.0,0.0020916096317186205
1,hist_gradient_boosting_regressor,regression,2024-03-20 00:00:00+00:00,2024-03-31 00:00:00+00:00,2024-04-02 00:00:00+00:00,2024-04-09 00:00:00+00:00,12,8,18,,,,,,,0.0017782598446513254,0.002034036708801718,-3.2429668428242264,,,0.0017782598446513254
2,majority_class,classification,2024-03-20 00:00:00+00:00,2024-04-08 00:00:00+00:00,2024-04-10 00:00:00+00:00,2024-04-17 00:00:00+00:00,20,8,0,1.0,,1.0,1.0,1.0,,,,,,,
2,logistic_regression,classification,2024-03-20 00:00:00+00:00,2024-04-08 00:00:00+00:00,2024-04-10 00:00:00+00:00,2024-04-17 00:00:00+00:00,20,8,18,1.0,,1.0,1.0,1.0,,,,,,,
2,random_forest_classifier,classification,2024-03-20 00:00:00+00:00,2024-04-08 00:00:00+00:00,2024-04-10 00:00:00+00:00,2024-04-17 00:00:00+00:00,20,8,18,1.0,,1.0,1.0,1.0,,,,,,,
2,hist_gradient_boosting_classifier,classification,2024-03-20 00:00:00+00:00,2024-04-08 00:00:00+00:00,2024-04-10 00:00:00+00:00,2024-04-17 00:00:00+00:00,20,8,18,1.0,,1.0,1.0,1.0,,,,,,,
2,historical_mean,regression,2024-03-20 00:00:00+00:00,2024-04-08 00:00:00+00:00,2024-04-10 00:00:00+00:00,2024-04-17 00:00:00+00:00,20,8,0,,,,,,,0.0015709056002289,0.0017867757321837422,-3.404616054575266,,,0.0015709056002289
2,zero_return,regression,2024-03-20 00:00:00+00:00,2024-04-08 00:00:00+00:00,2024-04-10 00:00:00+00:00,2024-04-17 00:00:00+00:00,20,8,0,,,,,,,0.002777076070392126,0.0029046470720269614,-10.640046336790284,,,0.002777076070392126
2,linear_regression,regression,2024-03-20 00:00:00+00:00,2024-04-08 00:00:00+00:00,2024-04-10 00:00:00+00:00,2024-04-17 00:00:00+00:00,20,8,18,,,,,,,6.445384106165165e-06,8.883346942892326e-06,0.999891126743105,0.999999494563603,1.0,6.445384106165165e-06
2,random_forest_regressor,regression,2024-03-20 00:00:00+00:00,2024-04-08 00:00:00+00:00,2024-04-10 00:00:00+00:00,2024-04-17 00:00:00+00:00,20,8,18,,,,,,,0.0005878488203114626,0.0006587263191338363,0.4013430916288636,0.8848609042159152,0.9880235200593538,0.00016415475522702769
2,hist_gradient_boosting_regressor,regression,2024-03-20 00:00:00+00:00,2024-04-08 00:00:00+00:00,2024-04-10 00:00:00+00:00,2024-04-17 00:00:00+00:00,20,8,18,,,,,,,0.0015709056002289,0.0017867757321837422,-3.404616054575266,,,0.0015709056002289
3,majority_class,classification,2024-03-20 00:00:00+00:00,2024-04-16 00:00:00+00:00,2024-04-18 00:00:00+00:00,2024-04-25 00:00:00+00:00,28,8,0,0.375,0.5,0.375,1.0,0.5454545454545454,,,,,,,
3,logistic_regression,classification,2024-03-20 00:00:00+00:00,2024-04-16 00:00:00+00:00,2024-04-18 00:00:00+00:00,2024-04-25 00:00:00+00:00,28,8,18,0.75,0.7333333333333334,0.6666666666666666,0.6666666666666666,0.6666666666666666,0.9333333333333333,,,,,,
3,random_forest_classifier,classification,2024-03-20 00:00:00+00:00,2024-04-16 00:00:00+00:00,2024-04-18 00:00:00+00:00,2024-04-25 00:00:00+00:00,28,8,18,0.875,0.9,0.75,1.0,0.8571428571428571,1.0,,,,,,
3,hist_gradient_boosting_classifier,classification,2024-03-20 00:00:00+00:00,2024-04-16 00:00:00+00:00,2024-04-18 00:00:00+00:00,2024-04-25 00:00:00+00:00,28,8,18,0.375,0.5,0.375,1.0,0.5454545454545454,0.5,,,,,,
3,historical_mean,regression,2024-03-20 00:00:00+00:00,2024-04-16 00:00:00+00:00,2024-04-18 00:00:00+00:00,2024-04-25 00:00:00+00:00,28,8,0,,,,,,,0.0017613063374900617,0.0018036113278697514,-20.569734728782564,,,-0.0017613063374900617
3,zero_return,regression,2024-03-20 00:00:00+00:00,2024-04-16 00:00:00+00:00,2024-04-18 00:00:00+00:00,2024-04-25 00:00:00+00:00,28,8,0,,,,,,,0.000314532280984825,0.00038887956207624255,-0.002741832925841514,,,-2.0334853409298415e-05
3,linear_regression,regression,2024-03-20 00:00:00+00:00,2024-04-16 00:00:00+00:00,2024-04-18 00:00:00+00:00,2024-04-25 00:00:00+00:00,28,8,18,,,,,,,1.839688867609867e-06,2.353540527527035e-06,0.9999632715790076,0.9999951885930635,1.0,-1.839688867609867e-06
3,random_forest_regressor,regression,2024-03-20 00:00:00+00:00,2024-04-16 00:00:00+00:00,2024-04-18 00:00:00+00:00,2024-04-25 00:00:00+00:00,28,8,18,,,,,,,0.0005079726702237313,0.0005311059605013906,-0.8703429472801618,0.9214080061103955,0.8622909085775464,-0.0005079726702237313
3,hist_gradient_boosting_regressor,regression,2024-03-20 00:00:00+00:00,2024-04-16 00:00:00+00:00,2024-04-18 00:00:00+00:00,2024-04-25 00:00:00+00:00,28,8,18,,,,,,,0.0017613063374900617,0.0018036113278697514,-20.569734728782564,,,-0.0017613063374900617
